{
  "generatedAt": "2026-05-06T12:20:26.318Z",
  "benchmark": {
    "name": "node:crypto ChaCha20-Poly1305 benchmark",
    "runtime": "node",
    "runtimeVersion": "22.18.0",
    "iterations": 10,
    "warmup": true,
    "warmupIterations": 20,
    "warmupTime": 250,
    "time": 1000,
    "timestampProvider": "hrtimeNow"
  },
  "tasks": [
    {
      "name": "chacha20-encrypt",
      "runs": 435058,
      "state": "completed",
      "period": 0.002298546515637375,
      "totalTime": 1000.001050000165,
      "latency": {
        "mean": 0.0022985465156369947,
        "min": 0.001916,
        "max": 5.15975,
        "aad": 0.00023002615193803,
        "critical": 1.96,
        "df": 435057,
        "mad": 0.00008399999999999987,
        "moe": 0.00002941727376342964,
        "p50": 0.002167,
        "p75": 0.002292,
        "p99": 0.003041,
        "p995": 0.003291,
        "p999": 0.0045,
        "rme": 1.2798206850852982,
        "samplesCount": 435058,
        "sd": 0.009899652047602868,
        "sem": 0.000015008813144606959,
        "variance": 0.00009800311066360766
      },
      "throughput": {
        "mean": 450499.25337533804,
        "min": 193.80783952710888,
        "max": 521920.6680584551,
        "aad": 26807.205561606665,
        "critical": 1.96,
        "df": 435057,
        "mad": 18609.345746357692,
        "moe": 107.18226174012675,
        "p50": 461467.46654360864,
        "p75": 479846.44913627644,
        "p99": 500000,
        "p995": 500000,
        "p999": 510464.52271567134,
        "rme": 0.02379188443422941,
        "samplesCount": 435058,
        "sd": 36069.52518562165,
        "sem": 54.684827418432015,
        "variance": 1301010647.1161945
      },
      "runtime": "node",
      "runtimeVersion": "22.18.0",
      "timestampProviderName": "hrtimeNow"
    },
    {
      "name": "chacha20-decrypt",
      "runs": 444639,
      "state": "completed",
      "period": 0.0022490201871692836,
      "totalTime": 1000.0020870027631,
      "latency": {
        "mean": 0.002249020187163008,
        "min": 0.001791,
        "max": 19.191459,
        "aad": 0.0003182941384809784,
        "critical": 1.96,
        "df": 444638,
        "mad": 0.00008300000000000017,
        "moe": 0.0000887697825097144,
        "p50": 0.002083,
        "p75": 0.002208,
        "p99": 0.002791,
        "p995": 0.003209,
        "p999": 0.005417,
        "rme": 3.9470424950561105,
        "samplesCount": 444639,
        "sd": 0.03020041152041228,
        "sem": 0.00004529070536209919,
        "variance": 0.0009120648560022506
      },
      "throughput": {
        "mean": 473427.2335225823,
        "min": 52.106512589793205,
        "max": 558347.2920156337,
        "aad": 28632.50562709348,
        "critical": 1.96,
        "df": 444638,
        "mad": 19923.18771003367,
        "moe": 115.0364433207868,
        "p50": 480076.8122899663,
        "p75": 500000,
        "p99": 521920.6680584551,
        "p995": 521920.6680584551,
        "p999": 533333.3333333334,
        "rme": 0.024298653557558725,
        "samplesCount": 444639,
        "sd": 39136.60515899264,
        "sem": 58.69206291876878,
        "variance": 1531673863.3708894
      },
      "runtime": "node",
      "runtimeVersion": "22.18.0",
      "timestampProviderName": "hrtimeNow"
    }
  ]
}
