{
  "generatedAt": "2026-05-05T19:44:47.811Z",
  "benchmark": {
    "name": "node:crypto ChaCha20-Poly1305 benchmark",
    "runtime": "node",
    "runtimeVersion": "22.18.0",
    "iterations": 64,
    "warmup": true,
    "warmupIterations": 10,
    "warmupTime": 250,
    "time": 750,
    "timestampProvider": "hrtimeNow"
  },
  "tasks": [
    {
      "name": "chacha20-encrypt",
      "runs": 336042,
      "state": "completed",
      "period": 0.002231866879734753,
      "totalTime": 750.0010099998258,
      "latency": {
        "mean": 0.0022318668797352654,
        "min": 0.001916,
        "max": 1.079917,
        "aad": 0.00018769030608711116,
        "critical": 1.96,
        "df": 336041,
        "mad": 0.00008300000000000017,
        "moe": 0.000015919507375036053,
        "p50": 0.002125,
        "p75": 0.00225,
        "p99": 0.002958,
        "p995": 0.003166,
        "p999": 0.004709,
        "rme": 0.7132821190896635,
        "samplesCount": 336042,
        "sd": 0.004708367285888289,
        "sem": 0.000008122197640324518,
        "variance": 0.00002216872249882306
      },
      "throughput": {
        "mean": 459080.43195512687,
        "min": 925.9970905171416,
        "max": 521920.6680584551,
        "aad": 26240.69338035333,
        "critical": 1.96,
        "df": 336041,
        "mad": 19127.72944633296,
        "moe": 120.0112302460491,
        "p50": 470588.2352941176,
        "p75": 489715.96474045055,
        "p99": 500000,
        "p995": 500000,
        "p999": 510725.2298263534,
        "rme": 0.02614165664499063,
        "samplesCount": 336042,
        "sd": 35494.6253748901,
        "sem": 61.23021951329036,
        "variance": 1259868430.503792
      },
      "runtime": "node",
      "runtimeVersion": "22.18.0",
      "timestampProviderName": "hrtimeNow"
    },
    {
      "name": "chacha20-decrypt",
      "runs": 339884,
      "state": "completed",
      "period": 0.0022066364642107615,
      "totalTime": 750.0004280018105,
      "latency": {
        "mean": 0.0022066364642055027,
        "min": 0.001833,
        "max": 3.40675,
        "aad": 0.00024703262750649653,
        "critical": 1.96,
        "df": 339883,
        "mad": 0.00008300000000000017,
        "moe": 0.0000385216337853843,
        "p50": 0.002083,
        "p75": 0.002167,
        "p99": 0.002708,
        "p995": 0.002834,
        "p999": 0.004917,
        "rme": 1.7457172674455,
        "samplesCount": 339884,
        "sd": 0.01145813638222586,
        "sem": 0.00001965389478846138,
        "variance": 0.0001312888893536879
      },
      "throughput": {
        "mean": 473928.8925810212,
        "min": 293.5348939605195,
        "max": 545553.7370430988,
        "aad": 26546.898928797076,
        "critical": 1.96,
        "df": 339883,
        "mad": 19923.18771003367,
        "moe": 118.46329222096803,
        "p50": 480076.8122899663,
        "p75": 500000,
        "p99": 521648.4089723526,
        "p995": 521920.6680584551,
        "p999": 521920.6680584551,
        "rme": 0.024996005534884323,
        "samplesCount": 339884,
        "sd": 35236.52621063891,
        "sem": 60.44045521477961,
        "variance": 1241612779.393043
      },
      "runtime": "node",
      "runtimeVersion": "22.18.0",
      "timestampProviderName": "hrtimeNow"
    }
  ]
}
