{
  "generatedAt": "2026-05-02T18:09:57.956Z",
  "benchmark": {
    "name": "node:crypto ChaCha20-Poly1305 benchmark",
    "runtime": "node",
    "runtimeVersion": "22.18.0",
    "iterations": 64,
    "warmup": true,
    "warmupIterations": 10,
    "warmupTime": 250,
    "time": 750,
    "timestampProvider": "hrtimeNow"
  },
  "verification": {
    "roundTripMatches": true
  },
  "tasks": [
    {
      "name": "chacha20-encrypt",
      "runs": 307734,
      "state": "completed",
      "period": 0.002437171895207281,
      "totalTime": 750.0006559997173,
      "latency": {
        "mean": 0.002437171895208156,
        "min": 0.002,
        "max": 1.393583,
        "aad": 0.0002720952971281967,
        "critical": 1.96,
        "df": 307733,
        "mad": 0.00012499999999999968,
        "moe": 0.00002020791601808601,
        "p50": 0.002292,
        "p75": 0.002458,
        "p99": 0.0035,
        "p995": 0.004167,
        "p999": 0.009875,
        "rme": 0.8291543184876616,
        "samplesCount": 307734,
        "sd": 0.005719435911865388,
        "sem": 0.000010310161233717352,
        "variance": 0.00003271194714993546
      },
      "throughput": {
        "mean": 425343.14404900116,
        "min": 717.5747694970447,
        "max": 500000,
        "aad": 30273.80912172928,
        "critical": 1.96,
        "df": 307733,
        "mad": 22564.138111298555,
        "moe": 147.25941793941757,
        "p50": 436300.1745200698,
        "p75": 452898.5507246377,
        "p99": 480076.8122899663,
        "p995": 480076.8122899663,
        "p999": 489715.96474045055,
        "rme": 0.03462132163165953,
        "samplesCount": 307734,
        "sd": 41678.75611563788,
        "sem": 75.13235609153958,
        "variance": 1737118711.346822
      },
      "runtime": "node",
      "runtimeVersion": "22.18.0",
      "timestampProviderName": "hrtimeNow"
    },
    {
      "name": "chacha20-decrypt",
      "runs": 325631,
      "state": "completed",
      "period": 0.002303220682305519,
      "totalTime": 750.0000539998284,
      "latency": {
        "mean": 0.002303220682306091,
        "min": 0.001875,
        "max": 2.399583,
        "aad": 0.0002848951607139234,
        "critical": 1.96,
        "df": 325630,
        "mad": 0.00008399999999999987,
        "moe": 0.000035305700894777745,
        "p50": 0.002166,
        "p75": 0.002291,
        "p99": 0.003,
        "p995": 0.003333,
        "p999": 0.006458,
        "rme": 1.5328839813746395,
        "samplesCount": 325631,
        "sd": 0.010279018263660098,
        "sem": 0.000018013112701417218,
        "variance": 0.00010565821646465787
      },
      "throughput": {
        "mean": 455651.6320919497,
        "min": 416.73907508096204,
        "max": 533333.3333333334,
        "aad": 29468.41154434075,
        "critical": 1.96,
        "df": 325630,
        "mad": 18396.29520778719,
        "moe": 136.6819665720148,
        "p50": 461680.51708217914,
        "p75": 480076.8122899663,
        "p99": 510725.2298263534,
        "p995": 510725.2298263534,
        "p999": 521648.4089723526,
        "rme": 0.029997032150305702,
        "samplesCount": 325631,
        "sd": 39794.03878410281,
        "sem": 69.73569723061979,
        "variance": 1583565522.7506788
      },
      "runtime": "node",
      "runtimeVersion": "22.18.0",
      "timestampProviderName": "hrtimeNow"
    }
  ],
  "chacha20": {
    "algorithm": "chacha20-poly1305",
    "keySize": 32,
    "nonceSize": 12,
    "dataSize": 1024,
    "authTagSize": 16,
    "aadSize": 0
  }
}
