{
  "generatedAt": "2026-05-06T12:18:03.329Z",
  "benchmark": {
    "name": "node:crypto ChaCha20-Poly1305 benchmark",
    "runtime": "node",
    "runtimeVersion": "22.18.0",
    "iterations": 10,
    "warmup": true,
    "warmupIterations": 20,
    "warmupTime": 250,
    "time": 1000,
    "timestampProvider": "hrtimeNow"
  },
  "tasks": [
    {
      "name": "chacha20-encrypt",
      "runs": 417947,
      "state": "completed",
      "period": 0.002392648469784498,
      "totalTime": 1000.0002500010215,
      "latency": {
        "mean": 0.0023926484697820655,
        "min": 0.001916,
        "max": 2.214125,
        "aad": 0.00034096392879119105,
        "critical": 1.96,
        "df": 417946,
        "mad": 0.00012499999999999968,
        "moe": 0.000025139371720762896,
        "p50": 0.002208,
        "p75": 0.002375,
        "p99": 0.003625,
        "p995": 0.005125,
        "p999": 0.01625,
        "rme": 1.0506922365847047,
        "samplesCount": 417947,
        "sd": 0.008291993527580633,
        "sem": 0.000012826210061613722,
        "variance": 0.0000687571566614391
      },
      "throughput": {
        "mean": 442182.50269466435,
        "min": 451.6456839609326,
        "max": 521920.6680584551,
        "aad": 32982.41638264555,
        "critical": 1.96,
        "df": 417946,
        "mad": 24449.536157371243,
        "moe": 142.25546688179506,
        "p50": 452898.5507246377,
        "p75": 470588.2352941176,
        "p99": 500000,
        "p995": 500000,
        "p999": 500000,
        "rme": 0.03217121121140907,
        "samplesCount": 417947,
        "sd": 46921.67424663902,
        "sem": 72.57931983765054,
        "variance": 2201643514.1077075
      },
      "runtime": "node",
      "runtimeVersion": "22.18.0",
      "timestampProviderName": "hrtimeNow"
    },
    {
      "name": "chacha20-decrypt",
      "runs": 463519,
      "state": "completed",
      "period": 0.0021574118515091415,
      "totalTime": 1000.0013839996658,
      "latency": {
        "mean": 0.0021574118515098797,
        "min": 0.001791,
        "max": 2.481125,
        "aad": 0.00023922310084249556,
        "critical": 1.96,
        "df": 463518,
        "mad": 0.00008299999999999974,
        "moe": 0.00002661788839016608,
        "p50": 0.002041,
        "p75": 0.002125,
        "p99": 0.002708,
        "p995": 0.002917,
        "p999": 0.005625,
        "rme": 1.2337879933095466,
        "samplesCount": 463519,
        "sd": 0.009245944853712803,
        "sem": 0.000013580555301105144,
        "variance": 0.00008548749623789827
      },
      "throughput": {
        "mean": 483523.29103461193,
        "min": 403.0429744571515,
        "max": 558347.2920156337,
        "aad": 28354.738588347554,
        "critical": 1.96,
        "df": 463518,
        "mad": 20769.3258577105,
        "moe": 109.9213745512157,
        "p50": 489955.9039686429,
        "p75": 510725.2298263534,
        "p99": 533333.3333333334,
        "p995": 533333.3333333334,
        "p999": 545256.2704471102,
        "rme": 0.02273341875962439,
        "samplesCount": 463519,
        "sd": 38182.10342035734,
        "sem": 56.082333954701895,
        "variance": 1457873021.6028638
      },
      "runtime": "node",
      "runtimeVersion": "22.18.0",
      "timestampProviderName": "hrtimeNow"
    }
  ]
}
