{
  "generatedAt": "2026-05-02T18:09:55.256Z",
  "benchmark": {
    "name": "node:crypto RSA OAEP benchmark",
    "runtime": "node",
    "runtimeVersion": "22.18.0",
    "iterations": 64,
    "warmup": true,
    "warmupIterations": 10,
    "warmupTime": 250,
    "time": 750,
    "timestampProvider": "hrtimeNow"
  },
  "verification": {
    "roundTripMatches": true
  },
  "tasks": [
    {
      "name": "rsa-encrypt",
      "runs": 52113,
      "state": "completed",
      "period": 0.014391803868516904,
      "totalTime": 750.0000750000214,
      "latency": {
        "mean": 0.014391803868516401,
        "min": 0.013125,
        "max": 0.247417,
        "aad": 0.0002459855592278896,
        "critical": 1.96,
        "df": 52112,
        "mad": 0.00008299999999999974,
        "moe": 0.000013230917345644393,
        "p50": 0.01425,
        "p75": 0.014375,
        "p99": 0.016875,
        "p995": 0.017791440000000002,
        "p999": 0.022120295999999956,
        "rme": 0.09193369689110639,
        "samplesCount": 52113,
        "sd": 0.0015410152002534349,
        "sem": 0.000006750468033492038,
        "variance": 0.0000023747278474121343
      },
      "throughput": {
        "mean": 69642.65164813919,
        "min": 4041.7594587275735,
        "max": 76190.4761904762,
        "aad": 974.8414225424855,
        "critical": 1.96,
        "df": 52112,
        "mad": 411.13583705150813,
        "moe": 19.632446744323786,
        "p50": 70175.43859649122,
        "p75": 70382.88288288288,
        "p99": 71007.59781296599,
        "p995": 74766.35514018692,
        "p999": 75471.69811320755,
        "rme": 0.028190263121390433,
        "samplesCount": 52113,
        "sd": 2286.6062919763135,
        "sem": 10.016554461389687,
        "variance": 5228568.334505666
      },
      "runtime": "node",
      "runtimeVersion": "22.18.0",
      "timestampProviderName": "hrtimeNow"
    },
    {
      "name": "rsa-decrypt",
      "runs": 1859,
      "state": "completed",
      "period": 0.4036754722969337,
      "totalTime": 750.4327029999997,
      "latency": {
        "mean": 0.40367547229693346,
        "min": 0.391041,
        "max": 0.655625,
        "aad": 0.015674751602268455,
        "critical": 1.96,
        "df": 1858,
        "mad": 0.0011249999999999871,
        "moe": 0.0016292630233832232,
        "p50": 0.392458,
        "p75": 0.400208,
        "p99": 0.59174486,
        "p995": 0.6010276800000001,
        "p999": 0.6116695360000017,
        "rme": 0.4036071387029378,
        "samplesCount": 1859,
        "sd": 0.03584056312944308,
        "sem": 0.0008312566445832772,
        "variance": 0.0012845459654355945
      },
      "throughput": {
        "mean": 2491.2395319364496,
        "min": 1525.262154432793,
        "max": 2557.276602709179,
        "aad": 76.42356731137545,
        "critical": 1.96,
        "df": 1858,
        "mad": 7.325088293586305,
        "moe": 7.208091188260347,
        "p50": 2548.0433575057714,
        "p75": 2553.596811937529,
        "p99": 2556.178411028376,
        "p995": 2556.4528705131056,
        "p999": 2556.727388942154,
        "rme": 0.28933754044347043,
        "samplesCount": 1859,
        "sd": 158.56374542839058,
        "sem": 3.6775975450307894,
        "variance": 25142.461364279454
      },
      "runtime": "node",
      "runtimeVersion": "22.18.0",
      "timestampProviderName": "hrtimeNow"
    }
  ],
  "rsa": {
    "keySize": 2048,
    "dataSize": 32,
    "algorithm": "RSA-OAEP-SHA256",
    "padding": "RSA_PKCS1_OAEP_PADDING",
    "oaepHash": "sha256"
  }
}
