{
  "generatedAt": "2026-05-05T19:44:45.104Z",
  "benchmark": {
    "name": "node:crypto RSA OAEP benchmark",
    "runtime": "node",
    "runtimeVersion": "22.18.0",
    "iterations": 64,
    "warmup": true,
    "warmupIterations": 10,
    "warmupTime": 250,
    "time": 750,
    "timestampProvider": "hrtimeNow"
  },
  "tasks": [
    {
      "name": "rsa-encrypt",
      "runs": 52400,
      "state": "completed",
      "period": 0.014313095515266466,
      "totalTime": 750.0062049999628,
      "latency": {
        "mean": 0.014313095515267256,
        "min": 0.013041,
        "max": 0.19675,
        "aad": 0.0002451953561127264,
        "critical": 1.96,
        "df": 52399,
        "mad": 0.00012599999999999938,
        "moe": 0.000009178039718704536,
        "p50": 0.014209,
        "p75": 0.014375,
        "p99": 0.016541,
        "p995": 0.017291004999999998,
        "p999": 0.020791601000000003,
        "rme": 0.06412337365397064,
        "samplesCount": 52400,
        "sd": 0.0010719129183776584,
        "sem": 0.000004682673325869661,
        "variance": 0.0000011489973045849083
      },
      "throughput": {
        "mean": 69965.37432955888,
        "min": 5082.59212198221,
        "max": 76681.23610152595,
        "aad": 1086.3793908455896,
        "critical": 1.96,
        "df": 52399,
        "mad": 629.6683316513227,
        "moe": 17.469854846540763,
        "p50": 70377.92948131467,
        "p75": 71007.59781296599,
        "p99": 71643.50193437455,
        "p995": 73844.33613941811,
        "p999": 76429.22653622745,
        "rme": 0.024969286613478636,
        "samplesCount": 52400,
        "sd": 2040.322734061207,
        "sem": 8.913191248235083,
        "variance": 4162916.8591269986
      },
      "runtime": "node",
      "runtimeVersion": "22.18.0",
      "timestampProviderName": "hrtimeNow"
    },
    {
      "name": "rsa-decrypt",
      "runs": 1864,
      "state": "completed",
      "period": 0.4024679490343337,
      "totalTime": 750.200256999998,
      "latency": {
        "mean": 0.40246794903433436,
        "min": 0.394375,
        "max": 0.599458,
        "aad": 0.012099355972203985,
        "critical": 1.96,
        "df": 1863,
        "mad": 0.0003750000000000142,
        "moe": 0.001495890765567204,
        "p50": 0.395125,
        "p75": 0.39784425,
        "p99": 0.58636833,
        "p995": 0.589337935,
        "p999": 0.595143887,
        "rme": 0.3716794763797676,
        "samplesCount": 1864,
        "sd": 0.032950860752534006,
        "sem": 0.0007632095742689816,
        "variance": 0.0010857592243328858
      },
      "throughput": {
        "mean": 2496.3536046889385,
        "min": 1668.1735834704014,
        "max": 2535.6576862123616,
        "aad": 55.12935022054893,
        "critical": 1.96,
        "df": 1863,
        "mad": 2.4042222951948133,
        "moe": 6.489569512050802,
        "p50": 2530.844669408415,
        "p75": 2532.7099489912216,
        "p99": 2534.8542458808615,
        "p995": 2535.1221205753686,
        "p999": 2535.4302127429505,
        "rme": 0.2599619500963864,
        "samplesCount": 1864,
        "sd": 142.94954301318552,
        "sem": 3.311004853087144,
        "variance": 20434.571847678573
      },
      "runtime": "node",
      "runtimeVersion": "22.18.0",
      "timestampProviderName": "hrtimeNow"
    }
  ]
}
