{
  "generatedAt": "2026-05-06T12:20:22.975Z",
  "benchmark": {
    "name": "node:crypto RSA OAEP benchmark",
    "runtime": "node",
    "runtimeVersion": "22.18.0",
    "iterations": 10,
    "warmup": true,
    "warmupIterations": 20,
    "warmupTime": 250,
    "time": 1000,
    "timestampProvider": "hrtimeNow"
  },
  "tasks": [
    {
      "name": "rsa-encrypt",
      "runs": 70066,
      "state": "completed",
      "period": 0.014272318827964063,
      "totalTime": 1000.00429100013,
      "latency": {
        "mean": 0.014272318827962305,
        "min": 0.013792,
        "max": 0.203,
        "aad": 0.0002629464541190568,
        "critical": 1.96,
        "df": 70065,
        "mad": 0.0001250000000000001,
        "moe": 0.000009468925984763034,
        "p50": 0.014125,
        "p75": 0.014333,
        "p99": 0.0165,
        "p995": 0.017208,
        "p999": 0.021908874999999706,
        "rme": 0.06634469211976633,
        "samplesCount": 70066,
        "sd": 0.0012787872951087083,
        "sem": 0.000004831084686103589,
        "variance": 0.0000016352969461314468
      },
      "throughput": {
        "mean": 70201.6530332252,
        "min": 4926.108374384236,
        "max": 72505.80046403712,
        "aad": 1121.5826302335597,
        "critical": 1.96,
        "df": 70065,
        "mad": 621.0215804999316,
        "moe": 16.279265249334667,
        "p50": 70796.46017699115,
        "p75": 71214.92664862555,
        "p99": 71854.56635769203,
        "p995": 71859.72980741593,
        "p999": 72072.07207207207,
        "rme": 0.023189290488117107,
        "samplesCount": 70066,
        "sd": 2198.5299714088796,
        "sem": 8.305747576191157,
        "variance": 4833534.03518313
      },
      "runtime": "node",
      "runtimeVersion": "22.18.0",
      "timestampProviderName": "hrtimeNow"
    },
    {
      "name": "rsa-decrypt",
      "runs": 2386,
      "state": "completed",
      "period": 0.41922256663872626,
      "totalTime": 1000.2650440000008,
      "latency": {
        "mean": 0.4192225666387264,
        "min": 0.393458,
        "max": 9.182375,
        "aad": 0.03946294904124337,
        "critical": 1.96,
        "df": 2385,
        "mad": 0.0006670000000000287,
        "moe": 0.008880038070699156,
        "p50": 0.394542,
        "p75": 0.40152125,
        "p99": 0.7113374000000008,
        "p995": 0.9365512999999936,
        "p999": 2.3856179999999108,
        "rme": 2.118215663316548,
        "samplesCount": 2386,
        "sd": 0.22130640125378623,
        "sem": 0.00453063166872406,
        "variance": 0.048976523235901834
      },
      "throughput": {
        "mean": 2456.2111103517113,
        "min": 108.90428674498699,
        "max": 2541.567333743373,
        "aad": 112.99469843450409,
        "critical": 1.96,
        "df": 2385,
        "mad": 4.292142932652041,
        "moe": 9.303569884702192,
        "p50": 2534.584404195244,
        "p75": 2537.2660957817952,
        "p99": 2539.947016705232,
        "p995": 2540.2180015088898,
        "p999": 2540.489044140997,
        "rme": 0.37877729017234146,
        "samplesCount": 2386,
        "sd": 231.86157014239433,
        "sem": 4.746719328929689,
        "variance": 53759.787708896445
      },
      "runtime": "node",
      "runtimeVersion": "22.18.0",
      "timestampProviderName": "hrtimeNow"
    }
  ]
}
