{
  "generatedAt": "2026-05-06T12:17:59.893Z",
  "benchmark": {
    "name": "node:crypto RSA OAEP benchmark",
    "runtime": "node",
    "runtimeVersion": "22.18.0",
    "iterations": 10,
    "warmup": true,
    "warmupIterations": 20,
    "warmupTime": 250,
    "time": 1000,
    "timestampProvider": "hrtimeNow"
  },
  "tasks": [
    {
      "name": "rsa-encrypt",
      "runs": 67581,
      "state": "completed",
      "period": 0.014797151373900714,
      "totalTime": 1000.0062869995842,
      "latency": {
        "mean": 0.01479715137390689,
        "min": 0.013875,
        "max": 9.635916,
        "aad": 0.0011279203154439593,
        "critical": 1.96,
        "df": 67580,
        "mad": 0.00012499999999999838,
        "moe": 0.000346709300813809,
        "p50": 0.014167,
        "p75": 0.014334,
        "p99": 0.017125,
        "p995": 0.037629100000000235,
        "p999": 0.06295763999999862,
        "rme": 2.343081394877069,
        "samplesCount": 67581,
        "sd": 0.04598558627390995,
        "sem": 0.00017689250041520867,
        "variance": 0.0021146741449552153
      },
      "throughput": {
        "mean": 69878.13786909672,
        "min": 103.77840570631791,
        "max": 72072.07207207207,
        "aad": 1333.7889108417164,
        "critical": 1.96,
        "df": 67580,
        "mad": 617.3608875029895,
        "moe": 29.905788293291877,
        "p50": 70586.57443354273,
        "p75": 71007.59781296599,
        "p99": 71643.50193437455,
        "p995": 71643.50193437455,
        "p999": 71854.56635769203,
        "rme": 0.042797059574361626,
        "samplesCount": 67581,
        "sd": 3966.5368203923476,
        "sem": 15.25805525167953,
        "variance": 15733414.347528234
      },
      "runtime": "node",
      "runtimeVersion": "22.18.0",
      "timestampProviderName": "hrtimeNow"
    },
    {
      "name": "rsa-decrypt",
      "runs": 2480,
      "state": "completed",
      "period": 0.4032889616935485,
      "totalTime": 1000.1566250000003,
      "latency": {
        "mean": 0.40328896169354866,
        "min": 0.391667,
        "max": 0.662792,
        "aad": 0.013545238550338404,
        "critical": 1.96,
        "df": 2479,
        "mad": 0.0003749999999999587,
        "moe": 0.001351004386155278,
        "p50": 0.395,
        "p75": 0.39775,
        "p99": 0.586708,
        "p995": 0.59113382,
        "p999": 0.6115752640000011,
        "rme": 0.3349966189210702,
        "samplesCount": 2480,
        "sd": 0.03432626319199104,
        "sem": 0.0006892879521200397,
        "variance": 0.0011782923447258386
      },
      "throughput": {
        "mean": 2492.2715063317496,
        "min": 1508.7689652258928,
        "max": 2553.1893164346243,
        "aad": 62.94360772208961,
        "critical": 1.96,
        "df": 2479,
        "mad": 2.4011813812389846,
        "moe": 5.870719569180768,
        "p50": 2531.645569620253,
        "p75": 2533.24889170361,
        "p99": 2550.473878046541,
        "p995": 2551.020408163265,
        "p999": 2551.8341307814994,
        "rme": 0.23555698302796824,
        "samplesCount": 2480,
        "sd": 149.1629983760168,
        "sem": 2.995265086316718,
        "variance": 22249.600084523583
      },
      "runtime": "node",
      "runtimeVersion": "22.18.0",
      "timestampProviderName": "hrtimeNow"
    }
  ]
}
