{
  "generatedAt": "2026-05-06T12:18:05.494Z",
  "benchmark": {
    "name": "node:crypto SHA-256 benchmark",
    "runtime": "node",
    "runtimeVersion": "22.18.0",
    "iterations": 5,
    "warmup": true,
    "warmupIterations": 5,
    "warmupTime": 250,
    "time": 1000,
    "timestampProvider": "hrtimeNow"
  },
  "tasks": [
    {
      "name": "sha256",
      "runs": 1114052,
      "state": "completed",
      "period": 0.0008976244107070209,
      "totalTime": 1000.000269996978,
      "latency": {
        "mean": 0.0008976244107097654,
        "min": 0.000625,
        "max": 7.310833,
        "aad": 0.0002812331198582643,
        "critical": 1.96,
        "df": 1114051,
        "mad": 0.00004199999999999994,
        "moe": 0.00003116756560210409,
        "p50": 0.00075,
        "p75": 0.000791,
        "p99": 0.001625,
        "p995": 0.001875,
        "p999": 0.006875,
        "rme": 3.4722279419138586,
        "samplesCount": 1114052,
        "sd": 0.016784157345502437,
        "sem": 0.000015901819184746982,
        "variance": 0.00028170793779858344
      },
      "throughput": {
        "mean": 1311616.6365337844,
        "min": 136.7833186724413,
        "max": 1600000,
        "aad": 105652.09979740695,
        "critical": 1.96,
        "df": 1114051,
        "mad": 77103.90220968518,
        "moe": 296.3649739189356,
        "p50": 1333333.3333333333,
        "p75": 1412429.3785310735,
        "p99": 1501501.5015015015,
        "p995": 1501501.5015015015,
        "p999": 1501501.5015015015,
        "rme": 0.02259539606802646,
        "samplesCount": 1114052,
        "sd": 159596.5632174794,
        "sem": 151.2066193463957,
        "variance": 25471062990.83089
      },
      "runtime": "node",
      "runtimeVersion": "22.18.0",
      "timestampProviderName": "hrtimeNow"
    }
  ]
}
