{
  "generatedAt": "2026-05-05T19:44:49.553Z",
  "benchmark": {
    "name": "node:crypto SHA-256 benchmark",
    "runtime": "node",
    "runtimeVersion": "22.18.0",
    "iterations": 64,
    "warmup": true,
    "warmupIterations": 10,
    "warmupTime": 250,
    "time": 750,
    "timestampProvider": "hrtimeNow"
  },
  "tasks": [
    {
      "name": "sha256",
      "runs": 881619,
      "state": "completed",
      "period": 0.0008507080938558518,
      "totalTime": 750.0004189971022,
      "latency": {
        "mean": 0.0008507080938591223,
        "min": 0.000625,
        "max": 3.4635,
        "aad": 0.00021113336847723666,
        "critical": 1.96,
        "df": 881618,
        "mad": 0.00004100000000000002,
        "moe": 0.000029124833170592127,
        "p50": 0.00075,
        "p75": 0.00075,
        "p99": 0.001083,
        "p995": 0.001167,
        "p999": 0.002042,
        "rme": 3.4235989266860334,
        "samplesCount": 881619,
        "sd": 0.013952365531370553,
        "sem": 0.000014859608760506188,
        "variance": 0.0001946685039209771
      },
      "throughput": {
        "mean": 1336728.1095336718,
        "min": 288.72527789808,
        "max": 1600000,
        "aad": 65329.75553521879,
        "critical": 1.96,
        "df": 881618,
        "mad": 77103.90220968518,
        "moe": 223.75317590974814,
        "p50": 1333333.3333333333,
        "p75": 1412429.3785310735,
        "p99": 1499250.374812594,
        "p995": 1501501.5015015015,
        "p999": 1501501.5015015015,
        "rme": 0.016738869655984583,
        "samplesCount": 881619,
        "sd": 107189.8362751855,
        "sem": 114.15978362742253,
        "variance": 11489661000.701075
      },
      "runtime": "node",
      "runtimeVersion": "22.18.0",
      "timestampProviderName": "hrtimeNow"
    }
  ]
}
