{
  "generatedAt": "2026-05-06T12:20:28.536Z",
  "benchmark": {
    "name": "node:crypto SHA-256 benchmark",
    "runtime": "node",
    "runtimeVersion": "22.18.0",
    "iterations": 10,
    "warmup": true,
    "warmupIterations": 20,
    "warmupTime": 250,
    "time": 1000,
    "timestampProvider": "hrtimeNow"
  },
  "tasks": [
    {
      "name": "sha256",
      "runs": 1238486,
      "state": "completed",
      "period": 0.0008074376488761516,
      "totalTime": 1000.0002240060295,
      "latency": {
        "mean": 0.0008074376488712605,
        "min": 0.000625,
        "max": 2.701792,
        "aad": 0.00015682063632482208,
        "critical": 1.96,
        "df": 1238485,
        "mad": 0.0000010000000000000243,
        "moe": 0.000021666580484280895,
        "p50": 0.000709,
        "p75": 0.00075,
        "p99": 0.001042,
        "p995": 0.001084,
        "p999": 0.001667,
        "rme": 2.683375058689573,
        "samplesCount": 1238486,
        "sd": 0.012302117023156265,
        "sem": 0.000011054377798102497,
        "variance": 0.00015134208325143114
      },
      "throughput": {
        "mean": 1364102.2742237854,
        "min": 370.124717224716,
        "max": 1600000,
        "aad": 70279.59534455916,
        "critical": 1.96,
        "df": 1238485,
        "mad": 1992.1429880550131,
        "moe": 180.95538819490355,
        "p50": 1410437.2355430184,
        "p75": 1412429.3785310735,
        "p99": 1501501.5015015015,
        "p995": 1501501.5015015015,
        "p999": 1501501.5015015015,
        "rme": 0.01326552939719073,
        "samplesCount": 1238486,
        "sd": 102745.07152429677,
        "sem": 92.324177650461,
        "variance": 10556549722.532858
      },
      "runtime": "node",
      "runtimeVersion": "22.18.0",
      "timestampProviderName": "hrtimeNow"
    }
  ]
}
